<?xml version="1.0" encoding="UTF-8"?>
<flavour>
  <name><![CDATA[Self enrolment]]></name>
  <description><![CDATA[<p> Default role assignment (enrol_self) =&gt; Solerni : apprenant<br /></p>]]></description>
  <author><![CDATA[admin admin]]></author>
  <timecreated>1430839853</timecreated>
  <sourceurl><![CDATA[http://mooc1.orange-labs.fr]]></sourceurl>
  <sourcemoodlerelease><![CDATA[2.7.7+ (Build: 20150319)]]></sourcemoodlerelease>
  <sourcemoodleversion>2014051207.02</sourcemoodleversion>
  <ingredient>
    <setting>
      <modules.enrolments.enrolsettingsself>
        <enrol_self_settings plugin="core"></enrol_self_settings>
        <requirepassword plugin="enrol_self">0</requirepassword>
        <usepasswordpolicy plugin="enrol_self">0</usepasswordpolicy>
        <showhint plugin="enrol_self">0</showhint>
        <expiredaction plugin="enrol_self">1</expiredaction>
        <expirynotifyhour plugin="enrol_self">6</expirynotifyhour>
        <enrol_self_defaults plugin="core"></enrol_self_defaults>
        <defaultenrol plugin="enrol_self">1</defaultenrol>
        <status plugin="enrol_self">1</status>
        <newenrols plugin="enrol_self">1</newenrols>
        <groupkey plugin="enrol_self">0</groupkey>
        <roleid plugin="enrol_self">10</roleid>
        <enrolperiod plugin="enrol_self">0</enrolperiod>
        <expirynotify plugin="enrol_self">0</expirynotify>
        <expirythreshold plugin="enrol_self">86400</expirythreshold>
        <longtimenosee plugin="enrol_self">0</longtimenosee>
        <maxenrolled plugin="enrol_self">0</maxenrolled>
        <sendcoursewelcomemessage plugin="enrol_self">1</sendcoursewelcomemessage>
      </modules.enrolments.enrolsettingsself>
    </setting>
  </ingredient>
</flavour>