<?xml version="1.0" encoding="UTF-8"?>
<flavour>
  <name><![CDATA[user policies]]></name>
  <description><![CDATA[<p>Default role for all users (defaultuserroleid) =&gt; Solerni Utilisateur<br />Creators' role in new courses (creatornewroleid) =&gt; Solerni Course Creator<br />Restorers' role in courses (restorernewroleid) =&gt; Solerni Course Creator<br /></p>]]></description>
  <author><![CDATA[admin admin]]></author>
  <timecreated>1430840420</timecreated>
  <sourceurl><![CDATA[http://mooc1-private.orange-labs.fr]]></sourceurl>
  <sourcemoodlerelease><![CDATA[2.7.7+ (Build: 20150319)]]></sourcemoodlerelease>
  <sourcemoodleversion>2014051207.02</sourcemoodleversion>
  <ingredient>
    <setting>
      <users.roles.userpolicies>
        <notloggedinroleid plugin="core">6</notloggedinroleid>
        <guestroleid plugin="core">6</guestroleid>
        <defaultuserroleid plugin="core">9</defaultuserroleid>
        <creatornewroleid plugin="core">15</creatornewroleid>
        <restorernewroleid plugin="core">15</restorernewroleid>
        <autologinguests plugin="core">0</autologinguests>
        <hiddenuserfields plugin="core"></hiddenuserfields>
        <showuseridentity plugin="core"><![CDATA[email]]></showuseridentity>
        <fullnamedisplay plugin="core"><![CDATA[language]]></fullnamedisplay>
        <maxusersperpage plugin="core">100</maxusersperpage>
        <enablegravatar plugin="core">0</enablegravatar>
        <gravatardefaulturl plugin="core"><![CDATA[mm]]></gravatardefaulturl>
      </users.roles.userpolicies>
    </setting>
  </ingredient>
</flavour>